AM15_G_wav	wavelength
4.7309e-23	280
1.2307e-21	280.5
5.6895e-21	281
1.5662e-19	281.5
1.1946e-18	282
4.5436e-18	282.5
1.8452e-17	283
3.536e-17	283.5
7.267e-16	284
2.4856e-15	284.5
8.0142e-15	285
4.2613e-14	285.5
1.3684e-13	286
8.3823e-13	286.5
2.7367e-12	287
1.0903e-11	287.5
6.2337e-11	288
1.7162e-10	288.5
5.6265e-10	289
2.0749e-09	289.5
6.0168e-09	290
1.3783e-08	290.5
3.5052e-08	291
1.0913e-07	291.5
2.683e-07	292
4.2685e-07	292.5
8.6466e-07	293
2.2707e-06	293.5
4.1744e-06	294
6.5911e-06	294.5
1.229e-05	295
2.7826e-05	295.5
4.7904e-05	296
7.1345e-05	296.5
9.679999999999999e-05	297
0.00018608	297.5
0.00028988	298
0.00035789	298.5
0.00049211	299
0.00086068	299.5
0.0010205	300
0.001245	300.5
0.00193	301
0.0026914	301.5
0.0029209	302
0.004284	302.5
0.0070945	303
0.0089795	303.5
0.0094701	304
0.011953	304.5
0.016463	305
0.018719	305.5
0.018577	306
0.021108	306.5
0.027849	307
0.035635	307.5
0.037837	308
0.04143	308.5
0.040534	309
0.043306	309.5
0.050939	310
0.06554	310.5
0.082922	311
0.08408	311.5
0.093376	312
0.098984	312.5
0.10733	313
0.10757	313.5
0.11969	314
0.1306	314.5
0.13625	315
0.11838	315.5
0.12348	316
0.15036	316.5
0.17158	317
0.18245	317.5
0.17594	318
0.18591	318.5
0.2047	319
0.19589	319.5
0.20527	320
0.24525	320.5
0.25024	321
0.23843	321.5
0.22203	322
0.21709	322.5
0.21226	323
0.24861	323.5
0.27537	324
0.28321	324.5
0.27894	325
0.32436	325.5
0.3812	326
0.40722	326.5
0.39806	327
0.38465	327.5
0.35116	328
0.37164	328.5
0.42235	329
0.46878	329.5
0.47139	330
0.428	330.5
0.40262	331
0.41806	331.5
0.43623	332
0.43919	332.5
0.42944	333
0.40724	333.5
0.41497	334
0.44509	334.5
0.46388	335
0.45313	335.5
0.41519	336
0.38214	336.5
0.3738	337
0.40051	337.5
0.43411	338
0.45527	338.5
0.46355	339
0.47446	339.5
0.5018	340
0.50071	340.5
0.47139	341
0.46935	341.5
0.48934	342
0.50767	342.5
0.51489	343
0.48609	343.5
0.41843	344
0.40307	344.5
0.45898	345
0.48932	345.5
0.47778	346
0.48657	346.5
0.49404	347
0.47674	347.5
0.47511	348
0.48336	348.5
0.46564	349
0.47805	349.5
0.52798	350
0.56741	350.5
0.55172	351
0.53022	351.5
0.51791	352
0.48962	352.5
0.5204	353
0.57228	353.5
0.60498	354
0.61156	354.5
0.6114000000000001	355
0.59028	355.5
0.55387	356
0.51942	356.5
0.45673	357
0.46215	357.5
0.43006	358
0.39926	358.5
0.46953	359
0.56549	359.5
0.59817	360
0.56531	360.5
0.52024	361
0.50956	361.5
0.5342	362
0.5851	362.5
0.6019099999999999	363
0.58541	363.5
0.60628	364
0.60058	364.5
0.62359	365
0.68628	365.5
0.73532	366
0.73658	366.5
0.72285	367
0.70914	367.5
0.66759	368
0.6631	368.5
0.69315	369
0.74469	369.5
0.75507	370
0.6826100000000001	370.5
0.69338	371
0.72051	371.5
0.67444	372
0.64253	372.5
0.61886	373
0.55786	373.5
0.5564	374
0.55227	374.5
0.5893	375
0.65162	375.5
0.6748	376
0.6639	376.5
0.71225	377
0.79455	377.5
0.85595	378
0.83418	378.5
0.7438900000000001	379
0.66683	379.5
0.70077	380
0.75075	380.5
0.76383	381
0.68837	381.5
0.58678	382
0.50762	382.5
0.45499	383
0.44049	383.5
0.50968	384
0.61359	384.5
0.67355	385
0.64363	385.5
0.621	386
0.6457000000000001	386.5
0.65147	387
0.6420400000000001	387.5
0.6358200000000001	388
0.63136	388.5
0.68543	389
0.7597	389.5
0.79699	390
0.80371	390.5
0.85138	391
0.86344	391.5
0.79493	392
0.66257	392.5
0.47975	393
0.38152	393.5
0.49567	394
0.68385	394.5
0.80772	395
0.86038	395.5
0.7565499999999999	396
0.55017	396.5
0.42619	397
0.62945	397.5
0.85249	398
1.0069	398.5
1.0693	399
1.1021	399.5
1.1141	400
1.1603	401
1.2061	402
1.1613	403
1.1801	404
1.1511	405
1.1227	406
1.1026	407
1.1514	408
1.2299	409
1.0485	410
1.1738	411
1.2478	412
1.1971	413
1.1842	414
1.2258	415
1.2624	416
1.2312	417
1.1777	418
1.2258	419
1.1232	420
1.2757	421
1.2583	422
1.2184	423
1.2117	424
1.2488	425
1.2135	426
1.1724	427
1.1839	428
1.0963	429
0.87462	430
0.79394	431
1.3207	432
1.2288	433
1.1352	434
1.2452	435
1.3659	436
1.3943	437
1.2238	438
1.1775	439
1.3499	440
1.3313	441
1.425	442
1.4453	443
1.4084	444
1.4619	445
1.3108	446
1.4903	447
1.5081	448
1.5045	449
1.5595	450
1.6173	451
1.5482	452
1.4297	453
1.5335	454
1.5224	455
1.5724	456
1.5854	457
1.5514	458
1.5391	459
1.5291	460
1.5827	461
1.5975	462
1.6031	463
1.5544	464
1.535	465
1.5673	466
1.4973	467
1.5619	468
1.5682	469
1.5077	470
1.5331	471
1.6126	472
1.5499	473
1.5671	474
1.6185	475
1.5631	476
1.5724	477
1.623	478
1.5916	479
1.6181	480
1.6177	481
1.6236	482
1.6038	483
1.5734	484
1.5683	485
1.2716	486
1.4241	487
1.5413	488
1.4519	489
1.6224	490
1.5595	491
1.4869	492
1.5903	493
1.5525	494
1.6485	495
1.5676	496
1.5944	497
1.5509	498
1.5507	499
1.5451	500
1.4978	501
1.4966	502
1.5653	503
1.4587	504
1.5635	505
1.6264	506
1.556	507
1.5165	508
1.5893	509
1.5481	510
1.5769	511
1.6186	512
1.5206	513
1.4885	514
1.5314	515
1.5455	516
1.2594	517
1.4403	518
1.3957	519
1.5236	520
1.5346	521
1.569	522
1.4789	523
1.5905	524
1.5781	525
1.5341	526
1.3417	527
1.5357	528
1.6071	529
1.5446	530
1.6292	531
1.5998	532
1.4286	533
1.5302	534
1.5535	535
1.6199	536
1.4989	537
1.5738	538
1.5352	539
1.4825	540
1.4251	541
1.5511	542
1.5256	543
1.5792	544
1.5435	545
1.5291	546
1.549	547
1.5049	548
1.552	549
1.5399	550
1.5382	551
1.5697	552
1.525	553
1.5549	554
1.5634	555
1.5366	556
1.4988	557
1.531	558
1.4483	559
1.474	560
1.5595	561
1.4847	562
1.5408	563
1.5106	564
1.5201	565
1.4374	566
1.532	567
1.518	568
1.4807	569
1.4816	570
1.4331	571
1.5134	572
1.5198	573
1.5119	574
1.4777	575
1.4654	576
1.5023	577
1.456	578
1.477	579
1.502	580
1.5089	581
1.532	582
1.5479	583
1.5448	584
1.5324	585
1.4953	586
1.5281	587
1.4934	588
1.2894	589
1.3709	590
1.4662	591
1.4354	592
1.4561	593
1.4491	594
1.4308	595
1.4745	596
1.4788	597
1.4607	598
1.4606	599
1.4753	600
1.4579	601
1.436	602
1.4664	603
1.4921	604
1.4895	605
1.4822	606
1.4911	607
1.4862	608
1.4749	609
1.4686	610
1.4611	611
1.4831	612
1.4621	613
1.4176	614
1.4697	615
1.431	616
1.4128	617
1.4664	618
1.4733	619
1.4739	620
1.4802	621
1.4269	622
1.4165	623
1.4118	624
1.4026	625
1.4012	626
1.4417	627
1.3631	628
1.4114	629
1.3924	630
1.4161	631
1.3638	632
1.4508	633
1.4284	634
1.4458	635
1.4128	636
1.461	637
1.4707	638
1.4646	639
1.434	640
1.4348	641
1.4376	642
1.4525	643
1.4462	644
1.4567	645
1.415	646
1.4086	647
1.3952	648
1.3519	649
1.3594	650
1.4447	651
1.3871	652
1.4311	653
1.4153	654
1.3499	655
1.1851	656
1.2393	657
1.3855	658
1.3905	659
1.3992	660
1.3933	661
1.3819	662
1.3844	663
1.3967	664
1.4214	665
1.4203	666
1.4102	667
1.415	668
1.4394	669
1.4196	670
1.4169	671
1.3972	672
1.4094	673
1.4074	674
1.3958	675
1.412	676
1.3991	677
1.4066	678
1.3947	679
1.3969	680
1.3915	681
1.3981	682
1.383	683
1.3739	684
1.3748	685
1.3438	686
0.96824	687
1.1206	688
1.1278	689
1.1821	690
1.2333	691
1.2689	692
1.2609	693
1.2464	694
1.2714	695
1.2684	696
1.3403	697
1.3192	698
1.2918	699
1.2823	700
1.2659	701
1.2674	702
1.2747	703
1.3078	704
1.3214	705
1.3144	706
1.309	707
1.3048	708
1.3095	709
1.3175	710
1.3155	711
1.3071	712
1.2918	713
1.3029	714
1.2587	715
1.2716	716
1.1071	717
1.0296	718
0.92318	719
0.9855	720
1.0861	721
1.2407	722
1.1444	723
1.0555	724
1.038	725
1.0813	726
1.085	727
1.04	728
1.0466	729
1.1285	730
1.0703	731
1.1534	732
1.1962	733
1.2357	734
1.2178	735
1.2059	736
1.2039	737
1.2269	738
1.1905	739
1.2195	740
1.2148	741
1.2153	742
1.2405	743
1.2503	744
1.2497	745
1.247	746
1.2477	747
1.2401	748
1.2357	749
1.2341	750
1.2286	751
1.233	752
1.2266	753
1.242	754
1.2383	755
1.2232	756
1.2221	757
1.2295	758
1.1945	759
0.26604	760
0.15396	761
0.68766	762
0.37952	763
0.53878	764
0.68601	765
0.8146099999999999	766
0.97417	767
1.1138	768
1.1278	769
1.1608	770
1.1686	771
1.1778	772
1.1771	773
1.1771	774
1.1771	775
1.1798	776
1.1727	777
1.1713	778
1.1765	779
1.1636	780
1.1607	781
1.1662	782
1.1614	783
1.1536	784
1.1586	785
1.1592	786
1.145	787
1.1305	788
1.1257	789
1.091	790
1.1058	791
1.0953	792
1.0875	793
1.0972	794
1.0932	795
1.0742	796
1.0913	797
1.1121	798
1.0905	799
1.0725	800
1.0843	801
1.0856	802
1.0657	803
1.0782	804
1.0545	805
1.0974	806
1.0859	807
1.0821	808
1.0548	809
1.0559	810
1.0533	811
1.0268	812
1.0086	813
0.90356	814
0.89523	815
0.83216	816
0.85183	817
0.82259	818
0.9051900000000001	819
0.86188	820
0.99764	821
0.95157	822
0.67271	823
0.93506	824
0.96935	825
0.93381	826
0.98465	827
0.84979	828
0.9293	829
0.91601	830
0.92392	831
0.8942600000000001	832
0.9565	833
0.93412	834
1.0032	835
0.97234	836
1.0092	837
0.99901	838
1.0013	839
1.0157	840
1.0101	841
0.99703	842
1.0053	843
0.98631	844
1.0165	845
1.0187	846
0.9917	847
0.99217	848
0.9859599999999999	849
0.89372	850
0.97493	851
0.96927	852
0.9648600000000001	853
0.85112	854
0.913	855
0.97317	856
0.99166	857
0.99196	858
0.99171	859
0.98816	860
0.9867899999999999	861
0.99449	862
1.0005	863
0.97916	864
0.96324	865
0.849	866
0.9154600000000001	867
0.9592000000000001	868
0.94956	869
0.96755	870
0.95387	871
0.9668600000000001	872
0.95721	873
0.94042	874
0.92687	875
0.95277	876
0.9561500000000001	877
0.95237	878
0.9365599999999999	879
0.93957	880
0.90861	881
0.93245	882
0.92927	883
0.93305	884
0.94423	885
0.90752	886
0.91062	887
0.92228	888
0.93455	889
0.92393	890
0.92584	891
0.90881	892
0.87327	893
0.8512999999999999	894
0.81357	895
0.76253	896
0.66566	897
0.7178	898
0.54871	899
0.7426	900
0.59933	901
0.66791	902
0.68889	903
0.84457	904
0.81709	905
0.77558	906
0.63854	907
0.65217	908
0.70431	909
0.6246699999999999	910
0.66808	911
0.68893	912
0.62834	913
0.62649	914
0.67836	915
0.57646	916
0.73017	917
0.59271	918
0.73877	919
0.74414	920
0.78049	921
0.70026	922
0.74504	923
0.7215	924
0.7111	925
0.70331	926
0.78742	927
0.58968	928
0.55127	929
0.4321	930
0.40921	931
0.30086	932
0.24841	933
0.1438	934
0.25084	935
0.16142	936
0.16338	937
0.20058	938
0.39887	939
0.47181	940
0.37195	941
0.40532	942
0.27834	943
0.28579	944
0.36821	945
0.19461	946
0.37112	947
0.27423	948
0.49396	949
0.14726	950
0.48378	951
0.26891	952
0.34362	953
0.42411	954
0.34117	955
0.32821	956
0.27067	957
0.46101	958
0.37385	959
0.42066	960
0.4612	961
0.44174	962
0.50503	963
0.4586	964
0.50374	965
0.50275	966
0.5024	967
0.6521	968
0.6862200000000001	969
0.63461	970
0.71397	971
0.68765	972
0.60648	973
0.57529	974
0.58987	975
0.57191	976
0.63864	977
0.61509	978
0.63815	979
0.60468	980
0.71338	981
0.69218	982
0.66865	983
0.73732	984
0.6881699999999999	985
0.75083	986
0.73928	987
0.7346200000000001	988
0.7490599999999999	989
0.73227	990
0.75358	991
0.75102	992
0.73728	993
0.7541	994
0.75176	995
0.74884	996
0.73971	997
0.73887	998
0.7385699999999999	999
0.73532	1000
0.74442	1001
0.72805	1002
0.73442	1003
0.72336	1004
0.68174	1005
0.71252	1006
0.72753	1007
0.72685	1008
0.71972	1009
0.71914	1010
0.72278	1011
0.71877	1012
0.71761	1013
0.72068	1014
0.70817	1015
0.71129	1016
0.7033700000000001	1017
0.71422	1018
0.6887799999999999	1019
0.69896	1020
0.70175	1021
0.6897	1022
0.69508	1023
0.69058	1024
0.69753	1025
0.69636	1026
0.6930500000000001	1027
0.69385	1028
0.68628	1029
0.69055	1030
0.68736	1031
0.68787	1032
0.67613	1033
0.68015	1034
0.6823399999999999	1035
0.68202	1036
0.67497	1037
0.67172	1038
0.67636	1039
0.6717	1040
0.67176	1041
0.672	1042
0.66525	1043
0.66833	1044
0.66452	1045
0.64714	1046
0.65694	1047
0.66274	1048
0.65896	1049
0.65463	1050
0.65521	1051
0.65118	1052
0.64919	1053
0.64646	1054
0.64847	1055
0.64641	1056
0.6448199999999999	1057
0.63818	1058
0.61875	1059
0.63585	1060
0.62121	1061
0.63266	1062
0.62239	1063
0.63196	1064
0.62913	1065
0.61713	1066
0.62032	1067
0.61944	1068
0.58626	1069
0.6046899999999999	1070
0.61661	1071
0.61536	1072
0.60363	1073
0.62158	1074
0.59252	1075
0.61471	1076
0.60434	1077
0.60321	1078
0.6047400000000001	1079
0.59722	1080
0.58083	1081
0.5894	1082
0.59814	1083
0.57852	1084
0.5933	1085
0.5541	1086
0.56697	1087
0.59317	1088
0.57919	1089
0.5557299999999999	1090
0.58835	1091
0.58124	1092
0.51058	1093
0.53965	1094
0.52067	1095
0.50323	1096
0.57852	1097
0.50291	1098
0.5077199999999999	1099
0.48577	1100
0.49696	1101
0.46883	1102
0.46637	1103
0.46765	1104
0.50644	1105
0.39792	1106
0.48304	1107
0.41565	1108
0.41278	1109
0.47899	1110
0.33154	1111
0.41357	1112
0.2685	1113
0.29985	1114
0.24987	1115
0.20136	1116
0.07961799999999999	1117
0.21753	1118
0.11317	1119
0.14189	1120
0.18586	1121
0.08168599999999999	1122
0.12817	1123
0.1087	1124
0.14428	1125
0.051589	1126
0.15725	1127
0.09922400000000001	1128
0.10591	1129
0.070574	1130
0.2956	1131
0.23411	1132
0.15331	1133
0.04174	1134
0.015462	1135
0.12876	1136
0.28785	1137
0.20329	1138
0.2985	1139
0.25599	1140
0.19337	1141
0.22479	1142
0.31183	1143
0.11326	1144
0.14604	1145
0.15764	1146
0.059176	1147
0.27113	1148
0.21854	1149
0.12164	1150
0.2034	1151
0.24762	1152
0.23812	1153
0.14248	1154
0.31316	1155
0.2809	1156
0.31458	1157
0.31171	1158
0.33693	1159
0.28648	1160
0.34753	1161
0.35002	1162
0.46857	1163
0.40188	1164
0.3886	1165
0.37494	1166
0.40996	1167
0.41954	1168
0.4231	1169
0.45873	1170
0.44831	1171
0.45483	1172
0.45642	1173
0.33692	1174
0.4524	1175
0.47679	1176
0.47235	1177
0.36	1178
0.48371	1179
0.44069	1180
0.45514	1181
0.32318	1182
0.4387	1183
0.41985	1184
0.40741	1185
0.47715	1186
0.45575	1187
0.33504	1188
0.41569	1189
0.46239	1190
0.4466	1191
0.47336	1192
0.45434	1193
0.4689	1194
0.44696	1195
0.43131	1196
0.47715	1197
0.43392	1198
0.36489	1199
0.44825	1200
0.43708	1201
0.43717	1202
0.43409	1203
0.36247	1204
0.43692	1205
0.48086	1206
0.42986	1207
0.43346	1208
0.41428	1209
0.45336	1210
0.42232	1211
0.42489	1212
0.46956	1213
0.43407	1214
0.4278	1215
0.4664	1216
0.45528	1217
0.45934	1218
0.44663	1219
0.45805	1220
0.46531	1221
0.45139	1222
0.44406	1223
0.44808	1224
0.46236	1225
0.46819	1226
0.43304	1227
0.46658	1228
0.46721	1229
0.46003	1230
0.47203	1231
0.46633	1232
0.45397	1233
0.47016	1234
0.46504	1235
0.46908	1236
0.46339	1237
0.46797	1238
0.46272	1239
0.46077	1240
0.46197	1241
0.46247	1242
0.45754	1243
0.45528	1244
0.45655	1245
0.45945	1246
0.45746	1247
0.4586	1248
0.45966	1249
0.45705	1250
0.45258	1251
0.45097	1252
0.44773	1253
0.44363	1254
0.4507	1255
0.44023	1256
0.43532	1257
0.44496	1258
0.42725	1259
0.4311	1260
0.41146	1261
0.39567	1262
0.40019	1263
0.37148	1264
0.3957	1265
0.38527	1266
0.38822	1267
0.37051	1268
0.24652	1269
0.38744	1270
0.40825	1271
0.40879	1272
0.40625	1273
0.40614	1274
0.41233	1275
0.41693	1276
0.42001	1277
0.42763	1278
0.42456	1279
0.42204	1280
0.41335	1281
0.37305	1282
0.40733	1283
0.42078	1284
0.42399	1285
0.42714	1286
0.42213	1287
0.41989	1288
0.40936	1289
0.41285	1290
0.41786	1291
0.39618	1292
0.41257	1293
0.40421	1294
0.40514	1295
0.38957	1296
0.3713	1297
0.39183	1298
0.40852	1299
0.35312	1300
0.36228	1301
0.39181	1302
0.34621	1303
0.30062	1304
0.38382	1305
0.38453	1306
0.30594	1307
0.34696	1308
0.38413	1309
0.30114	1310
0.33366	1311
0.33337	1312
0.31352	1313
0.28833	1314
0.28581	1315
0.32419	1316
0.31217	1317
0.33328	1318
0.26855	1319
0.25872	1320
0.29866	1321
0.30217	1322
0.23279	1323
0.26249	1324
0.32224	1325
0.28051	1326
0.26625	1327
0.2345	1328
0.17759	1329
0.22923	1330
0.1448	1331
0.14579	1332
0.20304	1333
0.16925	1334
0.23117	1335
0.18348	1336
0.16454	1337
0.17804	1338
0.17681	1339
0.16831	1340
0.17039	1341
0.17798	1342
0.12711	1343
0.075645	1344
0.10904	1345
0.058186	1346
0.060119	1347
0.0047451	1348
0.016159	1349
0.016025	1350
0.0046298	1351
0.0015164	1352
9.6096e-05	1353
0.00029009	1354
3.6034e-06	1355
4.807e-05	1356
7.178599999999999e-05	1357
4.1948e-06	1358
7.343899999999999e-07	1359
2.1404e-06	1360
4.8133e-09	1361
1.8076e-11	1362
3.1563e-06	1363
1.3589e-06	1364
9.0764e-12	1365
1.2791e-05	1366
4.9764e-06	1367
1.481e-13	1368
5.1667e-07	1369
2.92e-07	1370
1.9731e-08	1371
2.7498e-06	1372
4.4401e-05	1373
0.00017917	1374
0.00032332	1375
0.00025748	1376
0.0001227	1377
0.0011089	1378
5.2164e-05	1379
8.1587e-05	1380
2.3716e-06	1381
2.5672e-06	1382
4.4017e-08	1383
6.1689e-07	1384
2.0899e-06	1385
2.5215e-06	1386
0.00019896	1387
4.0262e-06	1388
0.00058098	1389
0.00049328	1390
0.00034384	1391
2.3782e-05	1392
0.00011586	1393
7.552599999999999e-05	1394
6.7136e-07	1395
6.3215e-09	1396
4.9057e-05	1397
0.0012704	1398
0.00081226	1399
3.2466e-09	1400
1.0528e-08	1401
0.0018353	1402
0.00238	1403
0.00073892	1404
3.6444e-07	1405
0.0020448	1406
0.00017457	1407
0.0016493	1408
0.00061919	1409
0.00046653	1410
0.0021142	1411
0.0026396	1412
0.023353	1413
0.00036378	1414
0.00018366	1415
0.035565	1416
0.011759	1417
0.013559	1418
0.0021442	1419
0.008271799999999999	1420
0.0091637	1421
0.046314	1422
0.0092198	1423
0.016975	1424
0.02585	1425
0.027792	1426
0.049546	1427
0.0045588	1428
0.03802	1429
0.061601	1430
0.050156	1431
0.0025194	1432
0.035834	1433
0.020962	1434
0.021416	1435
0.038351	1436
0.02988	1437
0.013263	1438
0.051039	1439
0.039601	1440
0.0318	1441
0.036317	1442
0.045063	1443
0.061791	1444
0.049751	1445
0.023095	1446
0.036215	1447
0.11569	1448
0.10213	1449
0.027412	1450
0.011271	1451
0.062361	1452
0.081978	1453
0.13759	1454
0.06615	1455
0.088509	1456
0.117	1457
0.13643	1458
0.16307	1459
0.085421	1460
0.090276	1461
0.1306	1462
0.043225	1463
0.15184	1464
0.09338299999999999	1465
0.065197	1466
0.036054	1467
0.076942	1468
0.094845	1469
0.049678	1470
0.017848	1471
0.046771	1472
0.070198	1473
0.09733899999999999	1474
0.18463	1475
0.06877800000000001	1476
0.06973600000000001	1477
0.06347999999999999	1478
0.12001	1479
0.060637	1480
0.11529	1481
0.05849	1482
0.14859	1483
0.13747	1484
0.12503	1485
0.1234	1486
0.060629	1487
0.09418	1488
0.18973	1489
0.17478	1490
0.19778	1491
0.16441	1492
0.18157	1493
0.20367	1494
0.18253	1495
0.16852	1496
0.2285	1497
0.18968	1498
0.21759	1499
0.25061	1500
0.26552	1501
0.23356	1502
0.18493	1503
0.16029	1504
0.18402	1505
0.25773	1506
0.25514	1507
0.24302	1508
0.1869	1509
0.27052	1510
0.26474	1511
0.26068	1512
0.24239	1513
0.22571	1514
0.26573	1515
0.25683	1516
0.24929	1517
0.25211	1518
0.24437	1519
0.2645	1520
0.27505	1521
0.26378	1522
0.28004	1523
0.27539	1524
0.25884	1525
0.26745	1526
0.2622	1527
0.27928	1528
0.27244	1529
0.25522	1530
0.26973	1531
0.27839	1532
0.27714	1533
0.26892	1534
0.26686	1535
0.27464	1536
0.27336	1537
0.27202	1538
0.27295	1539
0.26491	1540
0.26904	1541
0.26927	1542
0.27208	1543
0.2721	1544
0.27705	1545
0.27481	1546
0.27309	1547
0.26675	1548
0.27342	1549
0.2699	1550
0.27058	1551
0.27182	1552
0.27132	1553
0.26474	1554
0.26759	1555
0.2631	1556
0.27062	1557
0.26848	1558
0.26808	1559
0.26568	1560
0.27002	1561
0.26756	1562
0.26667	1563
0.26264	1564
0.26728	1565
0.26245	1566
0.26308	1567
0.25722	1568
0.25452	1569
0.24175	1570
0.23507	1571
0.23775	1572
0.23407	1573
0.24145	1574
0.23974	1575
0.24678	1576
0.21602	1577
0.23516	1578
0.23672	1579
0.24464	1580
0.2487	1581
0.24195	1582
0.24755	1583
0.24904	1584
0.25874	1585
0.25569	1586
0.25303	1587
0.25107	1588
0.23233	1589
0.24179	1590
0.24197	1591
0.25225	1592
0.25833	1593
0.25624	1594
0.25823	1595
0.24452	1596
0.24692	1597
0.25421	1598
0.24202	1599
0.2381	1600
0.22323	1601
0.22413	1602
0.22397	1603
0.22842	1604
0.23683	1605
0.2414	1606
0.23296	1607
0.2299	1608
0.22727	1609
0.2176	1610
0.2268	1611
0.23076	1612
0.23719	1613
0.23838	1614
0.24104	1615
0.2305	1616
0.23465	1617
0.24352	1618
0.241	1619
0.23449	1620
0.2343	1621
0.23754	1622
0.24246	1623
0.24269	1624
0.23782	1625
0.23971	1626
0.24078	1627
0.24126	1628
0.24137	1629
0.23651	1630
0.23806	1631
0.23821	1632
0.23267	1633
0.23282	1634
0.23367	1635
0.23539	1636
0.227	1637
0.22007	1638
0.22026	1639
0.21511	1640
0.2196	1641
0.22082	1642
0.21535	1643
0.22355	1644
0.21822	1645
0.21749	1646
0.22768	1647
0.21655	1648
0.21867	1649
0.22526	1650
0.20855	1651
0.22373	1652
0.22277	1653
0.21583	1654
0.22231	1655
0.22101	1656
0.22223	1657
0.22487	1658
0.2212	1659
0.22332	1660
0.22384	1661
0.21908	1662
0.22235	1663
0.22098	1664
0.21178	1665
0.17884	1666
0.21068	1667
0.21459	1668
0.21516	1669
0.22168	1670
0.21879	1671
0.21147	1672
0.21629	1673
0.21575	1674
0.2136	1675
0.21145	1676
0.21229	1677
0.20915	1678
0.21303	1679
0.20558	1680
0.19447	1681
0.20366	1682
0.20906	1683
0.19797	1684
0.21321	1685
0.21026	1686
0.20484	1687
0.21013	1688
0.20718	1689
0.20523	1690
0.19303	1691
0.20708	1692
0.21134	1693
0.20477	1694
0.20968	1695
0.20922	1696
0.18107	1697
0.20739	1698
0.20551	1699
0.19975	1700
0.20396	1702
0.19778	1705
0.1879	1710
0.18965	1715
0.18698	1720
0.17808	1725
0.17407	1730
0.16154	1735
0.16818	1740
0.15481	1745
0.16566	1750
0.15301	1755
0.15998	1760
0.13284	1765
0.14172	1770
0.11484	1775
0.1005	1780
0.07698099999999999	1785
0.088904	1790
0.046931	1795
0.031828	1800
0.014815	1805
0.009691099999999999	1810
0.0032816	1815
0.00098755	1820
0.0012744	1825
5.2041e-06	1830
6.419e-06	1835
6.2703e-08	1840
6.2658e-06	1845
2.9993e-06	1850
2.8396e-07	1855
1.1151e-05	1860
1.6982e-05	1865
2.6662e-10	1870
4.513e-10	1875
7.7505e-05	1880
4.389e-05	1885
0.00022333	1890
0.00012947	1895
8.6221e-07	1900
5.6667e-07	1905
2.3045e-05	1910
1.9947e-05	1915
0.00045069	1920
0.00093615	1925
0.00055242	1930
0.0035935	1935
0.0032821	1940
0.010863	1945
0.016727	1950
0.010036	1955
0.021906	1960
0.028563	1965
0.048847	1970
0.067857	1975
0.075512	1980
0.083063	1985
0.08561299999999999	1990
0.08119	1995
0.038156	2000
0.015001	2005
0.039748	2010
0.026648	2015
0.044981	2020
0.07401000000000001	2025
0.084856	2030
0.096386	2035
0.089781	2040
0.091074	2045
0.067927	2050
0.054906	2055
0.069193	2060
0.061875	2065
0.065676	2070
0.077443	2075
0.086812	2080
0.085102	2085
0.0891	2090
0.08974699999999999	2095
0.086133	2100
0.093153	2105
0.089654	2110
0.091673	2115
0.087588	2120
0.088632	2125
0.08977400000000001	2130
0.090044	2135
0.090767	2140
0.089486	2145
0.08463900000000001	2150
0.08484	2155
0.08416999999999999	2160
0.07631	2165
0.081996	2170
0.08044800000000001	2175
0.08180800000000001	2180
0.07455000000000001	2185
0.079068	2190
0.07899200000000001	2195
0.071202	2200
0.07401000000000001	2205
0.079315	2210
0.07627299999999999	2215
0.07772999999999999	2220
0.07545300000000001	2225
0.07577299999999999	2230
0.074299	2235
0.073118	2240
0.070838	2245
0.071937	2250
0.06769	2255
0.066929	2260
0.068137	2265
0.06486699999999999	2270
0.06402099999999999	2275
0.066288	2280
0.06308	2285
0.06322	2290
0.061265	2295
0.058824	2300
0.059171	2305
0.06387	2310
0.058141	2315
0.052031	2320
0.056215	2325
0.056824	2330
0.057967	2335
0.045836	2340
0.0514	2345
0.041536	2350
0.047473	2355
0.050237	2360
0.049409	2365
0.030817	2370
0.044147	2375
0.042552	2380
0.030826	2385
0.037109	2390
0.040594	2395
0.04415	2400
0.033599	2405
0.033813	2410
0.0273	2415
0.02659	2420
0.033078	2425
0.045099	2430
0.014878	2435
0.043249	2440
0.020798	2445
0.013611	2450
0.024853	2455
0.033363	2460
0.024148	2465
0.016727	2470
0.016455	2475
0.0080395	2480
0.0056102	2485
0.0035113	2490
0.0028772	2495
0.0070642	2500
0.0015191	2505
0.0022163	2510
0.0005188	2515
0.00037054	2520
4.1393e-05	2525
6.3593e-07	2530
1.7502e-07	2535
3.7716e-07	2540
5.3758e-11	2545
2.8222e-13	2550
1.0435e-09	2555
3.102e-11	2560
1.5955e-14	2565
1.5258e-18	2570
1.0786e-27	2575
3.8214e-22	2580
1.7194e-34	2585
5.4793e-31	2590
2.2838e-33	2595
4.4912e-28	2600
5.8053e-35	2605
5.9447e-34	2610
1.1196e-37	2615
5.6505e-29	2620
3.8687e-28	2625
2.8026e-45	2630
3.9027e-16	2635
1.175e-16	2640
8.998800000000001e-19	2645
1.4295e-19	2650
1.3133e-27	2655
2.6068e-25	2660
1.1123e-37	2665
0	2670
0	2675
0	2680
0	2685
1.0226e-29	2690
7.1284e-33	2695
0	2700
2.9315e-42	2705
1.125e-35	2710
3.8557e-26	2715
5.6052e-45	2720
7.2935e-22	2725
6.0734e-19	2730
5.4888e-21	2735
2.3314e-27	2740
1.3146e-23	2745
1.6648e-28	2750
6.7262e-44	2755
0	2760
2.6777e-27	2765
8.3791e-24	2770
3.999e-38	2775
4.8067e-34	2780
3.8866e-27	2785
1.217e-16	2790
3.6205e-16	2795
1.6484e-12	2800
6.7478e-14	2805
4.0233e-10	2810
2.8685e-10	2815
2.0548e-11	2820
1.7605e-07	2825
3.9008e-06	2830
2.1276e-10	2835
1.9609e-07	2840
4.0575e-05	2845
1.1566e-06	2850
4.4867e-07	2855
2.5356e-05	2860
0.00016763	2865
6.3129e-06	2870
0.0003917	2875
0.00024724	2880
0.00045332	2885
0.00018623	2890
0.0026643	2895
0.00081152	2900
0.00011096	2905
0.002722	2910
0.0012581	2915
0.0028948	2920
0.0010835	2925
0.0058858	2930
0.0064903	2935
0.0016273	2940
0.0014489	2945
0.0052276	2950
0.0023361	2955
0.0045971	2960
0.0074379	2965
0.00035233	2970
0.00085429	2975
0.0013381	2980
0.0069628	2985
0.01028	2990
0.0042755	2995
0.0078472	3000
0.0028906	3005
0.0068479	3010
0.0055551	3015
0.00063369	3020
0.0075031	3025
0.0060753	3030
0.0024986	3035
0.0020242	3040
0.004209	3045
0.0010321	3050
0.00028947	3055
0.0063012	3060
0.0029113	3065
0.0017492	3070
0.0060221	3075
0.0036224	3080
0.0017671	3085
0.0023805	3090
0.0006551	3095
0.004401	3100
0.00092155	3105
0.00084569	3110
0.0022677	3115
0.009819700000000001	3120
0.0030289	3125
0.0057614	3130
0.011446	3135
0.0033241	3140
0.0032517	3145
0.0066744	3150
0.0056366	3155
0.009232000000000001	3160
0.014017	3165
0.012516	3170
0.009230199999999999	3175
0.010621	3180
0.008082300000000001	3185
0.0042388	3190
0.0026927	3195
0.00043843	3200
0.00030973	3205
0.00013634	3210
0.00049752	3215
0.0016089	3220
0.00019875	3225
0.0003408	3230
0.007294	3235
0.0037464	3240
0.00073409	3245
0.0026067	3250
0.0099378	3255
0.0012248	3260
0.0024465	3265
0.0012186	3270
0.0059265	3275
0.0028644	3280
0.011128	3285
0.0087571	3290
0.0012234	3295
0.0017794	3300
0.0039416	3305
0.0039235	3310
1.6133e-05	3315
5.9987e-05	3320
0.0035187	3325
0.0046616	3330
0.0090694	3335
0.0034602	3340
0.0035408	3345
0.0080277	3350
0.0036308	3355
0.0052402	3360
0.0071907	3365
0.0039389	3370
0.008456	3375
0.0051115	3380
0.0074896	3385
0.0098552	3390
0.009546499999999999	3395
0.012509	3400
0.0044594	3405
0.0070802	3410
0.0072774	3415
0.013165	3420
0.010006	3425
0.008689199999999999	3430
0.011553	3435
0.0080348	3440
0.011318	3445
0.011153	3450
0.008308899999999999	3455
0.01253	3460
0.009817899999999999	3465
0.012264	3470
0.010943	3475
0.011224	3480
0.012094	3485
0.010419	3490
0.012265	3495
0.011917	3500
0.011809	3505
0.011963	3510
0.011494	3515
0.012122	3520
0.011428	3525
0.011127	3530
0.0094556	3535
0.009031000000000001	3540
0.0095432	3545
0.010538	3550
0.009058099999999999	3555
0.010795	3560
0.010851	3565
0.008337600000000001	3570
0.0086444	3575
0.010187	3580
0.009167099999999999	3585
0.0094523	3590
0.00967	3595
0.010262	3600
0.010359	3605
0.0094787	3610
0.009472599999999999	3615
0.011614	3620
0.010239	3625
0.009955	3630
0.010299	3635
0.01148	3640
0.010599	3645
0.010123	3650
0.010978	3655
0.010914	3660
0.010253	3665
0.007900300000000001	3670
0.0048286	3675
0.0083312	3680
0.009438	3685
0.0096922	3690
0.010132	3695
0.010878	3700
0.01077	3705
0.009364000000000001	3710
0.0092254	3715
0.010376	3720
0.010698	3725
0.0092707	3730
0.0085837	3735
0.0088494	3740
0.010331	3745
0.0092903	3750
0.008991799999999999	3755
0.008863299999999999	3760
0.008550200000000001	3765
0.0091243	3770
0.0090521	3775
0.009574600000000001	3780
0.0088123	3785
0.0077564	3790
0.008869200000000001	3795
0.0098592	3800
0.0093049	3805
0.0082451	3810
0.0077569	3815
0.009655	3820
0.009505599999999999	3825
0.0095925	3830
0.0076916	3835
0.0089756	3840
0.008780100000000001	3845
0.008827399999999999	3850
0.0085085	3855
0.007993999999999999	3860
0.008098899999999999	3865
0.0073604	3870
0.006762	3875
0.006534	3880
0.0067717	3885
0.0068818	3890
0.007476	3895
0.007925400000000001	3900
0.007926900000000001	3905
0.0071353	3910
0.0069868	3915
0.0069466	3920
0.006852	3925
0.0070502	3930
0.0073541	3935
0.0074027	3940
0.0075412	3945
0.0076277	3950
0.0077199	3955
0.0077482	3960
0.0078057	3965
0.0076806	3970
0.0075097	3975
0.0073872	3980
0.0074327	3985
0.0073723	3990
0.00721	3995
0.0071043	4000
